{
    "generic": {
        "base": {
            "1": "85.27",
            "2": "85.27",
            "3": "85.27",
            "4": "85.27",
            "5": "106.66",
            "6": "154.04",
            "7": "201.30",
            "8": "248.95",
            "9": "296.60",
            "10": "343.73",
            "11": "446.03",
            "12": "548.33",
            "13": "650.36",
            "14": "752.66",
            "15": "854.96",
            "16": "1119.89",
            "17": "1384.94",
            "18": "1650.00",
            "19": "1914.53",
            "20": "2179.58"
        },
        "extra": "118.80"
    },
    "lpg": {
        "0-7":"89.16",
        "8-13":"148.68",
        "14-999":"208.20"
    },
    "utilityVehicle":{
        "0-500": "38.64",
        "501-1000": "42.50",
        "1001-1500": "63.76",
        "1501-2000": "85.01",
        "2001-2500": "106.26",
        "2501-3000": "127.51",
        "3001-3501": "148.76"
    }
}