{
    "electric": "61.50",
    "others": {
        "0": {
            "kw": "0-70",
            "cv": "0-8",
            "generic": {
                "0": "61.50",
                "1": "61.50",
                "2": "61.50",
                "3": "61.50",
                "4": "61.50",
                "5": "61.50",
                "6": "61.50",
                "7": "61.50",
                "8": "61.50",
                "9": "61.50",
                "10": "61.50",
                "11": "61.50",
                "12": "61.50",
                "13": "61.50",
                "14": "61.50",
                "15": "61.50"
            },
            "lpg": {
                "0": "0",
                "1": "61.50",
                "2": "61.50",
                "3": "61.50",
                "4": "61.50",
                "5": "61.50",
                "6": "61.50",
                "7": "61.50",
                "8": "61.50",
                "9": "61.50",
                "10": "61.50",
                "11": "61.50",
                "12": "61.50",
                "13": "61.50",
                "14": "61.50",
                "15": "61.50"
            }
        },
        "1": {
            "kw": "71-85",
            "cv": "9-10",
            "generic": {
                "0": "123.00",
                "1": "110.70",
                "2": "98.40",
                "3": "86.10",
                "4": "73.80",
                "5": "67.65",
                "6": "61.50",
                "7": "61.50",
                "8": "61.50",
                "9": "61.50",
                "10": "61.50",
                "11": "61.50",
                "12": "61.50",
                "13": "61.50",
                "14": "61.50",
                "15": "61.50"
            },
            "lpg": {
                "0": "0",
                "1": "61.50",
                "2": "61.50",
                "3": "61.50",
                "4": "61.50",
                "5": "61.50",
                "6": "61.50",
                "7": "61.50",
                "8": "61.50",
                "9": "61.50",
                "10": "61.50",
                "11": "61.50",
                "12": "61.50",
                "13": "61.50",
                "14": "61.50",
                "15": "61.50"
            }
        },
        "2": {
            "kw": "86-100",
            "cv": "11-11",
            "generic": {
                "0": "495.00",
                "1": "445.50",
                "2": "396.00",
                "3": "346.50",
                "4": "297.00",
                "5": "272.25",
                "6": "247.50",
                "7": "222.75",
                "8": "198.00",
                "9": "173.25",
                "10": "148.50",
                "11": "123.75",
                "12": "99.00",
                "13": "74.25",
                "14": "61.50",
                "15": "61.50"
            },
            "lpg": {
                "0": "197.00",
                "1": "177.30",
                "2": "157.60",
                "3": "137.90",
                "4": "118.20",
                "5": "108.35",
                "6": "98.50",
                "7": "88.65",
                "8": "78.80",
                "9": "68.95",
                "10": "61.50",
                "11": "61.50",
                "12": "61.50",
                "13": "61.50",
                "14": "61.50",
                "15": "61.50"
            }
        },
        "3": {
            "kw": "101-110",
            "cv": "12-14",
            "generic": {
                "0": "867.00",
                "1": "780.30",
                "2": "693.60",
                "3": "606.90",
                "4": "520.20",
                "5": "476.85",
                "6": "433.50",
                "7": "390.15",
                "8": "346.80",
                "9": "303.45",
                "10": "260.10",
                "11": "216.75",
                "12": "173.40",
                "13": "130.05",
                "14": "86.70",
                "15": "61.50"
            },
            "lpg": {
                "0": "569.00",
                "1": "512.10",
                "2": "455.20",
                "3": "398.30",
                "4": "341.40",
                "5": "312.95",
                "6": "284.50",
                "7": "256.05",
                "8": "227.60",
                "9": "199.15",
                "10": "170.70",
                "11": "142.25",
                "12": "113.80",
                "13": "85.35",
                "14": "61.50",
                "15": "61.50"
            }
        },
        "4": {
            "kw": "111-120",
            "cv": "15-15",
            "generic": {
                "0": "1239.00",
                "1": "1115.10",
                "2": "991.20",
                "3": "836.30",
                "4": "743.40",
                "5": "681.45",
                "6": "619.50",
                "7": "557.55",
                "8": "495.60",
                "9": "433.65",
                "10": "371.70",
                "11": "309.75",
                "12": "247.80",
                "13": "185.85",
                "14": "123.90",
                "15": "61.50"
            },
            "lpg": {
                "0": "941.00",
                "1": "846.90",
                "2": "752.80",
                "3": "658.70",
                "4": "564.60",
                "5": "517.55",
                "6": "470.50",
                "7": "423.45",
                "8": "376.40",
                "9": "329.35",
                "10": "282.30",
                "11": "235.25",
                "12": "188.20",
                "13": "141.15",
                "14": "94.10",
                "15": "61.50"
            }
        },
        "5": {
            "kw": "121-155",
            "cv": "16-17",
            "generic": {
                "0": "2478.00",
                "1": "2230.20",
                "2": "1982.40",
                "3": "1734.60",
                "4": "1486.80",
                "5": "1362.90",
                "6": "1239.00",
                "7": "1115.10",
                "8": "991.20",
                "9": "867.30",
                "10": "743.40",
                "11": "619.50",
                "12": "495.60",
                "13": "371.70",
                "14": "247.80",
                "15": "61.50"
            },
            "lpg": {
                "0": "2180.00",
                "1": "1962.00",
                "2": "1744.00",
                "3": "1526.00",
                "4": "1308.00",
                "5": "1199.00",
                "6": "1090.00",
                "7": "981.00",
                "8": "872.00",
                "9": "763.00",
                "10": "654.00",
                "11": "545.00",
                "12": "436.00",
                "13": "327.00",
                "14": "218.00",
                "15": "61.50"
            }
        },
        "6": {
            "kw": "156-999",
            "cv": "17-999",
            "generic": {
                "0": "4957.00",
                "1": "4461.30",
                "2": "3965.60",
                "3": "3469.90",
                "4": "2974.20",
                "5": "2726.35",
                "6": "2478.50",
                "7": "2230.65",
                "8": "1982.80",
                "9": "1734.95",
                "10": "1487.10",
                "11": "1239.25",
                "12": "991.40",
                "13": "743.55",
                "14": "495.70",
                "15": "61.50"
            },
            "lpg": {
                "0": "4659.00",
                "1": "4193.10",
                "2": "3727.20",
                "3": "3261.30",
                "4": "2795.40",
                "5": "2562.45",
                "6": "2329.50",
                "7": "2096.55",
                "8": "1863.60",
                "9": "1630.65",
                "10": "1397.70",
                "11": "1164.75",
                "12": "931.80",
                "13": "698.85",
                "14": "465.90",
                "15": "61.50"
            }
        }
    }
}